-- Insertion dans la table departements
INSERT INTO departements (id_departement,
                          nom_departement,
                          mail_chef_department)
VALUES (1, 'Ressources Humaines', 'rh@marjane.ma'),
       (2, 'Ventes', 'ventes@marjane.ma'),
       (3, 'Logistique', 'logistique@marjane.ma'),
       (4, 'Marketing', 'marketing@marjane.ma'),
       (5, 'Finance', 'finance@marjane.ma'),
       (6, 'Technologie', 'technologie@marjane.ma'),
       (7, 'Achats', 'achats@marjane.ma'),
       (8, 'Sécurité', 'securite@marjane.ma'),
       (9, 'Maintenance', 'maintenance@marjane.ma'),
       (10, 'Qualité', 'qualite@marjane.ma');

-- Insertion dans la table contrats
INSERT INTO contrats (id_contrats, type_contrat, duree, conditions)
VALUES ('CDI101',
        'CDI',
        '2025-12-31',
        'Période d''essai de 3 mois'),
       ('CDD202',
        'CDD',
        '2024-12-31',
        'Renouvelable une fois'),
       ('INT303',
        'Intérim',
        '2024-09-30',
        'Mission de 6 mois'),
       ('CDD404', 'CDD', '2024-11-30', 'Durée déterminée'),
       ('CDI505',
        'CDI',
        '2026-12-31',
        'Sans période d''essai'),
       ('CDI606',
        'CDI',
        '2026-01-31',
        'Avec periode d''essai'),
       ('INT707',
        'Intérim',
        '2024-10-31',
        'Mission courte'),
       ('CDD808',
        'CDD',
        '2024-12-31',
        'Renouvelable deux fois'),
       ('CDI909',
        'CDI',
        '2025-06-30',
        'Avec avantage sociaux'),
       ('CDI110',
        'CDI',
        '2027-12-31',
        'Package de rémunération');

-- Insertion dans la table employes
INSERT INTO employes (id_employe,
                      nom,
                      prenom,
                      date_embauche,
                      responsabilite,
                      date_naissance,
                      adresse,
                      mail,
                      section,
                      id_departement)
VALUES (1,
        'El Amrani',
        'Fatima',
        '2020-03-15',
        'Responsable RH',
        '1985-07-20',
        '12 Rue Al Mansour, Tanger',
        'fatima.elamrani@marjane.ma',
        'RH',
        1),
       (2,
        'Benjelloun',
        'Ahmed',
        '2019-11-01',
        'Chef de rayon',
        '1990-02-10',
        '45 Avenue Hassan II, Tanger',
        'ahmed.benjelloun@marjane.ma',
        'Rayon Alimentaire',
        2),
       (3,
        'Ouhssaine',
        'Khadija',
        '2021-05-20',
        'Magasinière',
        '1995-09-05',
        '20 Rue Ibn Batouta, Tanger',
        'khadija.ouhssaine@marjane.ma',
        'Magasin',
        3),
       (4,
        'Ait Bella',
        'Yassine',
        '2022-01-10',
        'Spécialiste Marketing',
        '1993-04-15',
        '5 Rue de la Liberté, Tanger',
        'yassine.aitbella@marjane.ma',
        'Marketing',
        4),
       (5,
        'Lahlou',
        'Salma',
        '2018-08-05',
        'Comptable',
        '1988-12-25',
        '8 Avenue Mohamed VI, Tanger',
        'salma.lahlou@marjane.ma',
        'Comptabilité',
        5),
       (6,
        'Bennani',
        'Karim',
        '2023-02-14',
        'Développeur',
        '1998-06-01',
        '15 Rue de Fès, Tanger',
        'karim.bennani@marjane.ma',
        'Informatique',
        6),
       (7,
        'Tazi',
        'Nadia',
        '2020-09-25',
        'Acheteuse',
        '1987-10-10',
        '30 Rue de Marrakech, Tanger',
        'nadia.tazi@marjane.ma',
        'Achats',
        7),
       (8,
        'Zerouali',
        'Hamza',
        '2021-04-01',
        'Agent de sécurité',
        '1992-03-05',
        '22 Boulevard Pasteur, Tanger',
        'hamza.zerouali@marjane.ma',
        'Sécurité',
        8),
       (9,
        'Ibn Khaldoun',
        'Aicha',
        '2022-07-15',
        'Technicienne Maintenance',
        '1997-01-20',
        '10 Rue de Casablanca, Tanger',
        'aicha.ibnkhaldoun@marjane.ma',
        'Maintenance',
        9),
       (10,
        'Riffi',
        'Omar',
        '2019-06-10',
        'Contrôleur Qualité',
        '1989-05-01',
        '7 Rue de Rabat, Tanger',
        'omar.riffi@marjane.ma',
        'Qualité',
        10),
       (11,
        'El Azzouzi',
        'Sara',
        '2022-09-01',
        'Assistante RH',
        '1996-08-10',
        '2 Rue de la Plage, Tanger',
        'sara.elazzouzi@marjane.ma',
        'RH',
        1),
       (12,
        'Bouhlal',
        'Hassan',
        '2021-08-01',
        'Vendeur',
        '1994-02-25',
        '11 Rue de la Gare, Tanger',
        'hassan.bouhlal@marjane.ma',
        'Vente',
        2),
       (13,
        'Benali',
        'Meryem',
        '2023-01-05',
        'Préparatrice de commande',
        '1999-03-20',
        '19 Rue de la Medina, Tanger',
        'meryem.benali@marjane.ma',
        'Logistique',
        3),
       (14,
        'Fathi',
        'Imane',
        '2020-10-15',
        'Graphiste',
        '1992-04-10',
        '25 Rue d''Espagne, Tanger',
        'imane.fathi@marjane.ma',
        'Marketing',
        4),
       (15,
        'Lamrani',
        'Youssef',
        '2023-03-01',
        'Analyste Financier',
        '1991-10-20',
        '3 Rue de France, Tanger',
        'youssef.lamrani@marjane.ma',
        'Finance',
        5),
       (16,
        'El Kabbaj',
        'Zineb',
        '2022-12-20',
        'Testeur',
        '1997-08-05',
        '24 Rue d''Italie, Tanger',
        'zineb.elkabbaj@marjane.ma',
        'Informatique',
        6),
       (17,
        'Taieb',
        'Mehdi',
        '2019-09-10',
        'Assistant Achats',
        '1989-01-15',
        '21 Rue de Portugal, Tanger',
        'mehdi.taieb@marjane.ma',
        'Achats',
        7),
       (18,
        'Kadiri',
        'Nora',
        '2021-03-01',
        'Surveilleuse',
        '1993-05-20',
        '16 Rue du Maroc, Tanger',
        'nora.kadiri@marjane.ma',
        'Sécurité',
        8),
       (19,
        'Saidi',
        'Amine',
        '2020-04-01',
        'Technicien Réseau',
        '1995-06-10',
        '13 Rue du Port, Tanger',
        'amine.saidi@marjane.ma',
        'Maintenance',
        9),
       (20,
        'Haddouch',
        'Leila',
        '2022-06-10',
        'Inspectrice Qualité',
        '1998-11-15',
        '17 Rue de la Palestine, Tanger',
        'leila.haddouch@marjane.ma',
        'Qualité',
        10),
       (21,
        'Abdelmoumen',
        'Rachid',
        '2023-05-01',
        'Responsable RH',
        '1987-02-28',
        '18 Rue Al Maghreb Al Arabi, Tanger',
        'rachid.abdelmoumen@marjane.ma',
        'RH',
        1),
       (22,
        'Mansouri',
        'Souad',
        '2022-07-01',
        'Chef de rayon',
        '1991-07-12',
        '33 Avenue Mohamed V, Tanger',
        'souad.mansouri@marjane.ma',
        'Rayon Textile',
        2),
       (23,
        'El Bahraoui',
        'Reda',
        '2021-06-01',
        'Magasinier',
        '1997-02-22',
        '55 Rue Ibn Khaldoun, Tanger',
        'reda.elbahraoui@marjane.ma',
        'Magasin',
        3),
       (24,
        'Gharbi',
        'Salima',
        '2022-08-01',
        'Responsable Marketing',
        '1989-04-10',
        '22 Rue Moulay Ismail, Tanger',
        'salima.gharbi@marjane.ma',
        'Marketing',
        4),
       (25,
        'Kettani',
        'Fouad',
        '2021-09-01',
        'Comptable Senior',
        '1993-08-20',
        '40 Rue de Meknès, Tanger',
        'fouad.kettani@marjane.ma',
        'Comptabilité',
        5),
       (26,
        'Idrissi',
        'Nadia',
        '2022-10-01',
        'Data Analyst',
        '1996-09-03',
        '66 Rue de la Victoire, Tanger',
        'nadia.idrissi@marjane.ma',
        'Informatique',
        6),
       (27,
        'Bekkari',
        'Karim',
        '2021-11-01',
        'Acheteur Senior',
        '1994-10-15',
        '88 Rue Hassan I, Tanger',
        'karim.bekkari@marjane.ma',
        'Achats',
        7),
       (28,
        'Ait Hssaine',
        'Hind',
        '2022-12-01',
        'Agent de sécurité',
        '1992-03-20',
        '77 Rue d''Oujda, Tanger',
        'hind.aithssaine@marjane.ma',
        'Sécurité',
        8),
       (29,
        'Chakiri',
        'Yassine',
        '2023-01-01',
        'Chef Maintenance',
        '1991-02-20',
        '99 Rue de Larache, Tanger',
        'yassine.chakiri@marjane.ma',
        'Maintenance',
        9),
       (30,
        'Lakhdar',
        'Naima',
        '2021-03-01',
        'Responsable Qualité',
        '1998-07-12',
        '11 Rue de l''Atlas, Tanger',
        'naima.lakhdar@marjane.ma',
        'Qualité',
        10),
       (31,
        'El Fassi',
        'Omar',
        '2020-07-01',
        'Responsable RH',
        '1985-01-15',
        '42 Rue de Tétouan, Tanger',
        'omar.elfassi@marjane.ma',
        'RH',
        1),
       (32,
        'Ait Salem',
        'Sanaa',
        '2021-04-01',
        'Chef de rayon',
        '1990-12-20',
        '7 Rue Ibn Sina, Tanger',
        'sanaa.aitsalem@marjane.ma',
        'Rayon Bazar',
        2),
       (33,
        'Hamrouch',
        'Zakaria',
        '2020-01-01',
        'Magasinier',
        '1995-09-05',
        '15 Rue de la Mosquée, Tanger',
        'zakaria.hamrouch@marjane.ma',
        'Magasin',
        3),
       (34,
        'Cherkaoui',
        'Fatima',
        '2022-02-01',
        'Spécialiste Marketing',
        '1993-02-10',
        '21 Rue d''Alger, Tanger',
        'fatima.cherkaoui@marjane.ma',
        'Marketing',
        4),
       (35,
        'Belghazi',
        'Adil',
        '2021-10-01',
        'Comptable',
        '1988-05-22',
        '8 Avenue de la Corniche, Tanger',
        'adil.belghazi@marjane.ma',
        'Comptabilité',
        5),
       (36,
        'Moumni',
        'Hicham',
        '2023-02-01',
        'Développeur',
        '1998-01-15',
        '12 Rue de Paris, Tanger',
        'hicham.moumni@marjane.ma',
        'Informatique',
        6),
       (37,
        'Benyahia',
        'Imane',
        '2019-06-01',
        'Acheteuse',
        '1987-02-18',
        '31 Rue d''Angleterre, Tanger',
        'imane.benyahia@marjane.ma',
        'Achats',
        7),
       (38,
        'Alami',
        'Hafid',
        '2020-08-01',
        'Agent de sécurité',
        '1992-06-25',
        '19 Boulevard Mohamed VI, Tanger',
        'hafid.alami@marjane.ma',
        'Sécurité',
        8),
       (39,
        'Baroudi',
        'Nabil',
        '2021-07-01',
        'Technicien Maintenance',
        '1997-04-12',
        '22 Rue de l''Union, Tanger',
        'nabil.baroudi@marjane.ma',
        'Maintenance',
        9),
       (40,
        'Taoufik',
        'Salma',
        '2022-05-01',
        'Contrôleur Qualité',
        '1989-08-10',
        '23 Rue des Orangers, Tanger',
        'salma.taoufik@marjane.ma',
        'Qualité',
        10);

-- Insertion dans la table absences
INSERT INTO absences (id_absence,
                      motif,
                      date_debut,
                      date_fin,
                      type_absence,
                      id_employe)
VALUES (1,
        'Maladie',
        '2024-01-05',
        '2024-01-07',
        'Maladie',
        1),
       (2,
        'Congé Payé',
        '2023-12-20',
        '2023-12-28',
        'Congé Payé',
        2),
       (3,
        'Formation',
        '2024-02-10',
        '2024-02-12',
        'Formation',
        3),
       (4,
        'Urgence Familiale',
        '2023-11-15',
        '2023-11-16',
        'Urgence Familiale',
        4),
       (5,
        'Maladie',
        '2024-03-01',
        '2024-03-05',
        'Maladie',
        5),
       (6,
        'Congé Payé',
        '2023-10-10',
        '2023-10-15',
        'Congé Payé',
        6),
       (7,
        'Formation',
        '2024-04-01',
        '2024-04-03',
        'Formation',
        7),
       (8,
        'Urgence Familiale',
        '2023-09-25',
        '2023-09-26',
        'Urgence Familiale',
        8),
       (9,
        'Maladie',
        '2024-03-20',
        '2024-03-22',
        'Maladie',
        9),
       (10,
        'Congé Payé',
        '2023-08-05',
        '2023-08-10',
        'Congé Payé',
        10),
       (11,
        'Maladie',
        '2024-03-20',
        '2024-03-22',
        'Maladie',
        1),
       (12,
        'Congé Payé',
        '2023-08-05',
        '2023-08-10',
        'Congé Payé',
        2),
       (13,
        'Formation',
        '2024-04-01',
        '2024-04-03',
        'Formation',
        3),
       (14,
        'Urgence Familiale',
        '2023-09-25',
        '2023-09-26',
        'Urgence Familiale',
        4),
       (15,
        'Maladie',
        '2024-03-20',
        '2024-03-22',
        'Maladie',
        5),
       (16,
        'Congé Payé',
        '2023-08-05',
        '2023-08-10',
        'Congé Payé',
        6),
       (17,
        'Formation',
        '2024-04-01',
        '2024-04-03',
        'Formation',
        7),
       (18,
        'Urgence Familiale',
        '2023-09-25',
        '2023-09-26',
        'Urgence Familiale',
        8),
       (19,
        'Maladie',
        '2024-03-20',
        '2024-03-22',
        'Maladie',
        9),
       (20,
        'Congé Payé',
        '2023-08-05',
        '2023-08-10',
        'Congé Payé',
        10);

-- Insertion dans la table performances
INSERT INTO performances (id_performance,
                          date_realisation,
                          description,
                          id_employe)
VALUES (1, '2024-01-15', 'Atteinte des objectifs', 1),
       (2, '2023-12-10', 'Bonne gestion du rayon', 2),
       (3, '2024-02-20', 'Travail efficace en équipe', 3),
       (4, '2023-11-05', 'Campagne marketing réussie', 4),
       (5,
        '2024-03-10',
        'Gestion financière impeccable',
        5),
       (6, '2023-10-20', 'Projet informatique réussi', 6),
       (7,
        '2024-04-05',
        'Négociations d"achat efficaces',
        7),
       (8, '2023-09-15', 'Sécurité renforcée', 8),
       (9,
        '2024-03-25',
        'Maintenance préventive réussie',
        9),
       (10,
        '2023-08-20',
        'Amélioration de la qualité',
        10),
       (11, '2024-01-15', 'Atteinte des objectifs', 1),
       (12, '2023-12-10', 'Bonne gestion du rayon', 2),
       (13, '2024-02-20', 'Travail efficace en équipe', 3),
       (14, '2023-11-05', 'Campagne marketing réussie', 4),
       (15,
        '2024-03-10',
        'Gestion financière impeccable',
        5),
       (16, '2023-10-20', 'Projet informatique réussi', 6),
       (17,
        '2024-04-05',
        'Négociations d"achat efficaces',
        7),
       (18, '2023-09-15', 'Sécurité renforcée', 8),
       (19,
        '2024-03-25',
        'Maintenance préventive réussie',
        9),
       (20,
        '2023-08-20',
        'Amélioration de la qualité',
        10);

-- Insertion dans la table conges
INSERT INTO conges (id_type_conge, nom, description, id_absence)
VALUES (1, 'Congé Maladie', 'Congé pour maladie', 1),
       (2, 'Congé Payé', 'Congé annuel', 2),
       (3, 'Congé Formation', 'Congé pour formation', 3),
       (4,
        'Congé Urgence',
        'Congé pour urgence familiale',
        4),
       (5, 'Congé Maladie', 'Congé pour maladie', 5),
       (6, 'Congé Payé', 'Congé annuel', 6),
       (7, 'Congé Formation', 'Congé pour formation', 7),
       (8,
        'Congé Urgence',
        'Congé pour urgence familiale',
        8),
       (9, 'Congé Maladie', 'Congé pour maladie', 9),
       (10, 'Congé Payé', 'Congé annuel', 10),
       (11, 'Congé Maladie', 'Congé pour maladie', 11),
       (12, 'Congé Payé', 'Congé annuel', 12),
       (13, 'Congé Formation', 'Congé pour formation', 13),
       (14,
        'Congé Urgence',
        'Congé pour urgence familiale',
        14),
       (15, 'Congé Maladie', 'Congé pour maladie', 15),
       (16, 'Congé Payé', 'Congé annuel', 16),
       (17, 'Congé Formation', 'Congé pour formation', 17),
       (18,
        'Congé Urgence',
        'Congé pour urgence familiale',
        18),
       (19, 'Congé Maladie', 'Congé pour maladie', 19),
       (20, 'Congé Payé', 'Congé annuel', 20);

-- Insertion dans la table employes_contrats
INSERT INTO employes_contrats (id_employe, id_contrats, date_debut, date_fin)
VALUES (1, 'CDI101', '2020-03-15', NULL),
       (2, 'CDI505', '2019-11-01', NULL),
       (3, 'CDD202', '2021-05-20', '2024-12-31'),
       (4, 'INT303', '2022-01-10', '2024-09-30'),
       (5, 'CDD404', '2018-08-05', '2024-11-30'),
       (6, 'CDI606', '2023-02-14', NULL),
       (7, 'INT707', '2020-09-25', '2024-10-31'),
       (8, 'CDD808', '2021-04-01', '2024-12-31'),
       (9, 'CDI909', '2022-07-15', NULL),
       (10, 'CDI110', '2019-06-10', NULL),
       (11, 'CDI101', '2022-09-01', NULL),
       (12, 'CDI505', '2021-08-01', NULL),
       (13, 'CDD202', '2023-01-05', '2024-12-31'),
       (14, 'INT303', '2020-10-15', '2024-09-30'),
       (15, 'CDD404', '2023-03-01', '2024-11-30'),
       (16, 'CDI606', '2022-12-20', NULL),
       (17, 'INT707', '2019-09-10', '2024-10-31'),
       (18, 'CDD808', '2021-03-01', '2024-12-31'),
       (19, 'CDI909', '2020-04-01', NULL),
       (20, 'CDI110', '2022-06-10', NULL),
       (21, 'CDI101', '2023-05-01', NULL),
       (22, 'CDI505', '2022-07-01', NULL),
       (23, 'CDD202', '2021-06-01', '2024-12-31'),
       (24, 'INT303', '2022-08-01', '2024-09-30'),
       (25, 'CDD404', '2021-09-01', '2024-11-30'),
       (26, 'CDI606', '2022-10-01', NULL),
       (27, 'INT707', '2021-11-01', '2024-10-31'),
       (28, 'CDD808', '2022-12-01', '2024-12-31'),
       (29, 'CDI909', '2023-01-01', NULL),
       (30, 'CDI110', '2021-03-01', NULL),
       (31, 'CDI101', '2020-07-01', NULL),
       (32, 'CDI505', '2021-04-01', NULL),
       (33, 'CDD202', '2020-01-01', '2024-12-31'),
       (34, 'INT303', '2022-02-01', '2024-09-30'),
       (35, 'CDD404', '2021-10-01', '2024-11-30'),
       (36, 'CDI606', '2023-02-01', NULL),
       (37, 'INT707', '2019-06-01', '2024-10-31'),
       (38, 'CDD808', '2020-08-01', '2024-12-31'),
       (39, 'CDI909', '2021-07-01', NULL),
       (40, 'CDI110', '2022-05-01', NULL);